{
  "operations": [
    {
      "operation": "add",
      "metaDataTemplate": "[type: \"document\"] && [card: contains 'List' or 'list' like \"\"....List\", \"objectList\", \"anylist\", etc.] =\n{\n  \"schema\": {\n    \"$items\": \"/App/XXX\"\n  },\n  \"uiSchema\": {\n    \"ui:table\": {\n      \"columns\": [\n        \"name\",\n        \"XXXId\"\n      ]\n    }\n  },\n  \"ns\": \"/App\",\n  \"querySchema\": {},\n  \"resolve\": {\n    \"where\": {\n      \"rule\": \"always\",\n      \"then\": {\n        \"filter\": {\n          \"any\": true\n        }\n      }\n    }\n  }\n}\n\n\n\n[type: \"document\"] && [card: does NOT contain 'list' or 'List' , like \"object\" or \"item\"] =\n{\n  \"schema\": {\n    \"name\": \"string|minLength:1\",\n    \"XXXId\": \"string|format:uuid\"\n  },\n  \"ns\": \"/App\",\n  \"identifier\": \"XXXId\",\n  \"querySchema\": {\n    \"XXXId\": \"string|format:uuid\"\n  },\n  \"uiSchema\": {\n    \"XXXId\": {\n      \"ui:widget\": \"color\"\n    }\n  }\n}\n\n\n\n\n[type: ui] =\n{\n  \"route\": \"/mains/XXX\",\n  \"breadcrumb\": \"XXX\",\n  \"sidebar\": {\n    \"label\": \"ui\",\n    \"icon\": \"square\"\n  }\n}\n\n\n\n[type: event] =\n{\n  \"public\": false,\n  \"schema\": {\n    \"name\": \"string|minLength:1\",\n    \"XXXId\": \"string|format:uuid\"\n  },\n  \"applyRules\": [\n    {\n      \"rule\": \"always\",\n      \"then\": {\n        \"assign\": {\n          \"variable\": \"information\",\n          \"value\": {\n            \"$merge\": [\n              \"information\",\n              \"event\"\n            ]\n          }\n        }\n      }\n    }\n  ]\n}\n\n\n\n[type: command] =\n{\n  \"schema\": {\n    \"name\": \"string|minLength:1\",\n    \"XXXId\": \"string|format:uuid\"\n  },\n  \"newAggregate\": true,\n  \"ns\": \"/App\",\n  \"identifier\": \"XXXId\",\n  \"uiSchema\": {\n    \"XXXId\": {}\n  }\n}"
    },
    {
      "operation": "edit",
      "metaDataTemplate": "[type: \"document\"] && [card: contains 'List' or 'list' like \"\"....List\", \"objectList\", \"anylist\", etc.] =\n{\n  \"schema\": {\n    \"$items\": \"/App/XXX\"\n  },\n  \"uiSchema\": {\n    \"ui:table\": {\n      \"columns\": [\n        \"name\",\n        \"XXXId\"\n      ]\n    }\n  },\n  \"ns\": \"/App\",\n  \"querySchema\": {},\n  \"resolve\": {\n    \"where\": {\n      \"rule\": \"always\",\n      \"then\": {\n        \"filter\": {\n          \"any\": true\n        }\n      }\n    }\n  }\n}\n\n\n\n[type: \"document\"] && [card: does NOT contain 'list' or 'List' , like \"object\" or \"item\"] =\n{\n  \"schema\": {\n    \"name\": \"string|minLength:1\",\n    \"XXXId\": \"string|format:uuid\"\n  },\n  \"ns\": \"/App\",\n  \"identifier\": \"XXXId\",\n  \"querySchema\": {\n    \"XXXId\": \"string|format:uuid\"\n  },\n  \"uiSchema\": {\n    \"XXXId\": {\n      \"ui:widget\": \"color\"\n    }\n  }\n}\n\n\n\n\n\n[type: ui] =\n{\n  \"route\": \"/mains/XXX\",\n  \"breadcrumb\": \"XXX\",\n  \"sidebar\": {\n    \"label\": \"ui\",\n    \"icon\": \"square\"\n  }\n}\n\n\n\n[type: event] =\n{\n  \"public\": false,\n  \"schema\": {\n    \"name\": \"string|minLength:1\",\n    \"XXXId\": \"string|format:uuid\"\n  },\n  \"applyRules\": [\n    {\n      \"rule\": \"always\",\n      \"then\": {\n        \"assign\": {\n          \"variable\": \"information\",\n          \"value\": {\n            \"$merge\": [\n              \"information\",\n              \"event\"\n            ]\n          }\n        }\n      }\n    }\n  ]\n}\n\n\n\n[type: command] =\n{\n  \"schema\": {\n    \"name\": \"string|minLength:1\",\n    \"XXXId\": \"string|format:uuid\"\n  },\n  \"ns\": \"/App\",\n  \"identifier\": \"XXXId\",\n  \"uiSchema\": {\n    \"XXXId\": {}\n  },\n  \"newAggregate\": false\n}"
    },
    {
      "operation": "delete",
      "metaDataTemplate": "[type: \"document\"] && [card: contains 'List' or 'list' like \"\"....List\", \"objectList\", \"anylist\", etc.] =\n{\n  \"schema\": {\n    \"$items\": \"/App/XXX\"\n  },\n  \"uiSchema\": {\n    \"ui:table\": {\n      \"columns\": [\n        \"name\",\n        \"XXXId\"\n      ]\n    }\n  },\n  \"ns\": \"/App\",\n  \"querySchema\": {},\n  \"resolve\": {\n    \"where\": {\n      \"rule\": \"always\",\n      \"then\": {\n        \"filter\": {\n          \"any\": true\n        }\n      }\n    }\n  }\n}\n\n\n\n[type: \"document\"] && [card: does NOT contain 'list' or 'List' , like \"object\" or \"item\"] =\n{\n  \"schema\": {\n    \"name\": \"string|minLength:1\",\n    \"XXXId\": \"string|format:uuid\"\n  },\n  \"ns\": \"/App\",\n  \"identifier\": \"XXXId\",\n  \"querySchema\": {\n    \"XXXId\": \"string|format:uuid\"\n  },\n  \"uiSchema\": {\n    \"XXXId\": {\n      \"ui:widget\": \"color\"\n    }\n  }\n}\n\n\n\n[type: ui] =\n{\n  \"route\": \"/mains/XXX\",\n  \"breadcrumb\": \"XXX\",\n  \"sidebar\": {\n    \"label\": \"ui\",\n    \"icon\": \"square\"\n  }\n}\n\n\n\n[type: event] =\n{\n  \"public\": false,\n  \"schema\": {\n    \"name\": \"string|minLength:1\",\n    \"XXXId\": \"string|format:uuid\"\n  },\n  \"applyRules\": [\n    {\n      \"rule\": \"always\",\n      \"then\": {\n        \"assign\": {\n          \"variable\": \"information\",\n          \"value\": {\n            \"$merge\": [\n              \"information\",\n              \"event\"\n            ]\n          }\n        }\n      }\n    }\n  ]\n}\n\n\n\n[type: command] =\n{\n  \"schema\": {\n    \"name\": \"string|minLength:1\",\n    \"XXXId\": \"string|format:uuid\"\n  },\n  \"newAggregate\": false,\n  \"ns\": \"/App\",\n  \"identifier\": \"XXXId\",\n  \"uiSchema\": {\n    \"XXXId\": {}\n  },\n  \"deleteState\": true,\n  \"deleteHistory\": false\n}"
    }
  ]
}