{
  "commands": [
    {
      "command": "/tip",
      "introduction": "You're in the midst of an Event Storming process, equipped with various cards representing different elements. Your task is to analyze these cards, propose a potential context for the Event Storming session, suggest fitting cards, and highlight potential problems.\n    Given the available cards, consider crafting a scenario for a business process or system interaction where Event Storming could be applied effectively. Propose a sequence of Domain Events, Commands, Actors, Information, Policies, Hot Spots, External Systems, and UI/APIs that could be involved in this scenario.\n    As you analyze the cards, keep an eye out for any inconsistencies or gaps in the process. Highlight potential problems such as missing commands, unclear actor roles, or dependencies that aren't properly represented. Additionally, identify areas where Hot Spots could be placed to address uncertainties, discussions, or pain points that arise during the session.\n    Provide a comprehensive overview of the suggested Event Storming context, including the flow of events, involved actors and systems, and potential areas of focus for deeper exploration. Ensure clarity and coherence in your analysis, guiding the participants through a productive Event Storming session.\n    Write potential Cards at the top of the reply.\n    Also give every Card a Name and the right type.\n    Write them in the format: Card_type, Name_of_the_Card.\n    These are all the cards already existing at the moment <<cards>>",
      "JSONConversion": "Take the following tips and write out all new card names and card types in a JSON like manner, following the format: {\"cards\":\n                [\n                {\n                \"name\": \"Card Name\",\n                \"type\": \"Type\"\n                },\n                ]}\n                But at the end no comma and also no comma after position, and also nothing else.\n                This is the tips I got: <<response>>",
      "explanation": ""
    },
    {
      "command": "/hotSpots",
      "introduction": "You're in the midst of an Event Storming process, equipped with various cards representing different elements. Your task is to analyze these cards, propose a potential context for the Event Storming session, suggest fitting cards, and highlight potential problems.\n                Given the available cards, consider a scenario for a business process or system interaction where Event Storming could be applied effectively.\n                As you analyze the cards, keep an eye out for any inconsistencies or gaps in the process. Highlight potential problems such as missing commands or dependencies that aren't properly represented. Identify areas where Hot Spots could be placed to address uncertainties, discussions, or pain points that arise during the session.\n                Provide a comprehensive overview of the suggested Event Storming context, including the flow of events, involved actors and systems, and potential areas of focus for deeper exploration.\n                Do not criticise, that there are more then one of a card, that's how its meant to be.\n                Write potential HotSpots at the top of the reply.\n                Also give every HotSpot a description of the Problem.\n                Write them in the format: Hotspot, problem.\n                These are the cards at the moment: <<cards>>",
      "JSONConversion": "Take the following tips and write out all problems as names, with the type hotSpot in a JSON like manner, following the format: {\"cards\": \n                [\n                {\n                \"name\": \"problem\",\n                \"type\": \"hotSpot\"\n                },\n                ]}\n                But at the end no comma and also no comma after position, and also nothing else.\n                This is the tips I got: <<response>>",
      "explanation": ""
    },
    {
      "command": "/flows",
      "introduction": "Imagine you're facilitating an Event Storming session, and your goal is to suggest flows in the process based on the available cards. Your task is to guide the participants through constructing a coherent sequence of events, commands, actors, information and policies.\n                Start by analyzing the cards provided and identifying the key elements involved in the business process or system interaction under consideration. Consider the logical progression of events and decisions, keeping in mind the chronological order and dependencies between different elements.\n                Suggest flows that depict how actions lead to events, how commands trigger reactions, and how policies enforce automated decisions. Ensure that the flows are intuitive and reflect real-world scenarios accurately.\n                As you propose flows, pay attention to potential bottlenecks, ambiguities, or missing elements in the process. Address these issues by suggesting adjustments, additional cards, or clarifications to enhance the clarity and completeness of the Event Storming session.\n                Provide clear explanations and justifications for the suggested flows, guiding the participants through the thought process behind each sequence of events. Encourage collaboration and discussion among the participants to refine and validate the proposed flows effectively.\n                But concentrate on depicting clear flows and suggest them in pairs of source card Id and target card Id, for every connection that is to be made.\n                These are the cards: <<cards>>",
      "JSONConversion": "Take the following tips and write out all source Card and target Card name pairs in a JSON like manner, following the format: {\"cards\":\n            [\n            {\n            \"sourceCardId\": \"Card Id\",\n            \"targetCardId\": \"Card Id\"\n            },\n            ]}\n            But at the end no comma, and only the Id's, no types or names or anything else.\n            This is the tips I got: <<response>>",
      "explanation": ""
    },
    {
      "command": "/events",
      "introduction": "",
      "JSONConversion": "You are at the start of an event storming session about <<response>>. \n        Suggest events in the following json array format, use short names regrading Domain Driven Design rules for events: {\"cards\": \n                [\n                {\n                \"name\": \"Card name\",\n                \"type\": \"event\"\n                },\n                ]}\n",
      "explanation": ""
    },
    {
      "command": "/suggest",
      "introduction": "You're in the midst of an Event Storming process, equipped with various cards representing different elements. \n                Your task is to suggest fitting cards based on the event <<response>>.\n                Given the domain event, consider crafting a scenario for a business process or system interaction where Event Storming could be applied effectively. \n                Propose a sequence of a sensible Command, Actors, Information Cards, Policies, Hot Spots, External Systems, and the UI that could be involved in this scenario.\n                I need one command type card,<<substitute>> a document type Card for the object, a document type Card for the object list, an ui type card and maybe one business rule.\n                Give all the Cards name that make sense so for example, and oly as an example, when the event is car added then the command should be add car, the information cards should be car and car list and the UI car overview or car dealership.\n                So when the event card has another name, use the object of the event and not car.\n                Write all potential Cards in a JSON-Format: {\"cards\": \n                [\n                {\n                \"name\": \"Card Name\",\n                \"type\": \"Type\"\n                },\n                ]}\n",
      "JSONConversion": "",
      "explanation": "Take every Card I give you and explain what the card is used for, why the card is needed and why the card is named that way.\n                And at the end explain the flow of the cards. \n                These are the Cards: <<cards>>"
    },
    {
      "command": "/create",
      "introduction": "I am at the start of an Event-Storming Session of a Domain Driven Design and work on a whiteboard and\nwant to give you an input sentence you have to check.\n\nSentences can be like: \"I want to edit/delete/add an item to a list\" and other sentences alike or similar to this one,\nor: \"I want to maintain an item\", \"I want to maintain an object\", \"I want to maintain an entity\" and other sentences alike or similar.\n\nMake sure the delivered sentence makes sense and answer in JSON array format.\n\nFor correct sentences answer with:\n[\n\"correct\"\n]\n\n\nIf you get a nonsensical input like \"asd325dfs\" or any other inputs you deem incorrect because they lack meaning etc. write this:\n[\n\"error\"\n]\n\nSo, if a sentence is sensible and there is only 1 sentence delivered, it is correct. Sentences like \"I want to add objects\", with objects being whatever are correct as well.\nEverything else, that is not a full sentence, more than a sentence or just garbled input is an error. Answer with the correct JSON regarding the input given.\n\nThis is the input sentence that needs to be checked, stick to the JSON like format: <<response>>",
      "JSONConversion": "I am at the start of an Event-Storming Session of a Domain Driven Design and work on a whiteboard.\nThe following card types are the main actors and have different attributes that are mentioned below:\n\n[type domainEvent]:\n\tIs the according action taken 'past tense'.\n\tFor example (in camelCase): productAdded, objectAdded, infoAdded, anythingAdded,\n\tor:  productEdited, objectEdited, infoEdited, anythingEdited,\n\tor:  productDeleted, objectDeleted, infoDeleted, anythingDeleted, etc.\n\n\n[type command]:\n\tIs the according action in 'present tense'.\n\tFor example (in camelCase): addProduct, addObject, addInfo, addAnything,\n    or:  editProduct, EditObject, editInfo, EditAnything,\n    or:  deleteProduct, deleteObject, deleteInfo, deleteAnything, etc.\n\n\n[type information]:\n\tInformation can have 2 kinds:\n\n\t1. Is the Object created by \"command -> domainEvent\" and can be added to a List.\n\tFor example:\n\tcommand = addBanana -> domainEvent = bananaAdded ----> information = banana\n\tcommand = addObject -> domainEvent = objectAdded ----> information = object\n\n\n\t2. Is the List containing the Objects created by \"command -> domainEvent\".\n\tDerive the name for the List from the Object.\n\tFor example:\n\tcommand = addBanana -> domainEvent = bananaAdded -> information = banana ----> information = bananaList\n\n\n[type ui]:\n    Is the overview of the objectList containing the Objects.\n    For example: productUI, objectUI, elementUI\n\n\nSo there are two types of \"information\" cards that are distinguished by their name (\"object\" and \"objectList\", or \"item\" and \"itemList\" etc.)\nAfter this explanation I want to give you an input sentence and want you to create according cards with the correct naming conventions mentioned.\n\nI want the resulting string, your answer, in the following order and json like format, this is an example:\n\n\n{\n  \"cards\": [\n    {\n      \"name\": \"product\",\n      \"type\": \"information\"\n    },\n    {\n      \"name\": \"productList\",\n      \"type\": \"information\"\n    },\n    {\n      \"name\": \"productUI\",\n      \"type\": \"ui\"\n    },\n    {\n      \"name\": \"addProduct\",\n      \"type\": \"command\"\n    },\n    {\n      \"name\": \"productAdded\",\n      \"type\": \"domainEvent\"\n    }\n  ]\n}\n\n\nWith the names of the cards replaced by you with the fitting names regarding the input given, always use singular word-form like object, element when replacing etc.\nWhen giving your answer always stick to the json like format and the order of the cards as given in the example.\nFor incomplete sentences just try to fill the missing parts with your own creativity, like: \"I want to add shoes\".\nSentences can be like: \"I want to edit shoes\", or \"I want to delete shoes\", etc. Make sure to discern information Object and information List correctly.\nCreate the json like output as described in the example, nothing else, no comma at the end. Remember to use camelCase (for example: addElement, elementList) for names.\n\nReady?\n <<response>>",
      "metaDecision": "After this short instruction I will give you a short input sentence and want you to decide which operation is performed:\nOperations: \"add\", \"delete\" and \"edit\".\nTake in the input sentence and decide  which type of operation it is and answer with the operation type in the following json like format:\n{\n\"type\": \"operation_type\"\n}\n\n\nBut at the end no comma, just replace \"operation_type\" with your decision (\"add\", \"delete\" or \"edit\").\n\nThis is the input sentence: <<response>>"
    },
    {
      "command": "/createPlus",
      "introduction": "I am at the start of an Event-Storming Session of a Domain Driven Design and work on a whiteboard and\nwant to give you an input sentence you have to check.\n\nSentences can be like: \"I want to edit/delete/add an item to a list\" and other sentences alike or similar to this one,\nor: \"I want to maintain an item\", \"I want to maintain an object\", \"I want to maintain an entity\" and other sentences alike or similar.\n\nMake sure the delivered sentence makes sense and answer in JSON array format.\n\nFor correct sentences answer with:\n[\n\"correct\"\n]\n\n\nIf you get a nonsensical input like \"asd325dfs\" or any other inputs you deem incorrect because they lack meaning etc. write this:\n[\n\"error\"\n]\n\nSo, if a sentence is sensible and there is only 1 sentence delivered, it is correct. Sentences like \"I want to add objects\", with objects being whatever are correct as well.\nEverything else, that is not a full sentence, more than a sentence or just garbled input is an error. Answer with the correct JSON regarding the input given.\n\nThis is the input sentence that needs to be checked, stick to the JSON like format: <<response>>",
      "entityCreation": "I am starting an Event Storming Session of a Domain Driven Design. I am going to deliver an input sentence like:\n\n\"I want to maintain a company\", \"I want to maintain an employee\" or \"I want to maintain anything else\", etc.\nOr sentences like: \"I want to handle objects\", \"I want to handle items\", etc.\nAnother example: \"I want en email system\", \"I want a car dealership\".\n\nI want you to read the input sentence and decide what the noun, the element of the sentence is.\nIn case of the previous examples:\n\"company\", \"employee\" or \"<anything>\", \"objects\", \"items\", \"emails\" or \"cars\".\n\nTake in the input sentence and decide on which element it is and answer in the following json like format:\n{\n\"name\": \"entityDecision\"\n}\n\nBut at the end no comma, just replace \"entityDecision\" with your decision regarding the following input sentence:\n\n <<response>>",
      "systemDescription": "I am going to deliver an input like this:\n\"entity: company\", \"entity: employee\" or \"entity: anything\", etc.\n\nI want you to read the input and create three sentences:\nsentence: \"I want to add X to a list\"\nsentence: \"I want to delete X from a list\"\nsentence: \"I want to edit X in a list\"\n\nReplace all X with the \"entity\" given by the input, like \"company\", \"employee\" or \"<anything>\"... etc.\n\nThe only output i need are all 3 sentences written out in json like format like this without anything else:\n[\n{\n\"sentence\": \"I want to add X to a list\"\n},\n{\n\"sentence\": \"I want to delete X from a list\"\n},\n{\n\"sentence\": \"I want to edit X in a list\"\n}\n]\n\nThis is the input:\n entity: \n <<cards>>",
      "cardCreation": "I am at the start of an Event-Storming Session of a Domain Driven Design and work on a whiteboard.\nThe following card types are the main actors and have different attributes that are mentioned below:\n\n[type domainEvent]:\n\tIs the according action taken 'past tense'.\n\tFor example (in camelCase): productAdded, objectAdded, infoAdded, anythingAdded,\n\tor:  productEdited, objectEdited, infoEdited, anythingEdited,\n\tor:  productDeleted, objectDeleted, infoDeleted, anythingDeleted, etc.\n\n\n[type command]:\n\tIs the according action in 'present tense'.\n\tFor example (in camelCase): addProduct, addObject, addInfo, addAnything,\n    or:  editProduct, EditObject, editInfo, EditAnything,\n    or:  deleteProduct, deleteObject, deleteInfo, deleteAnything, etc.\n\n\n[type information]:\n\tInformation can have 2 kinds:\n\n\t1. Is the Object created by \"command -> domainEvent\" and can be added to a List.\n\tFor example:\n\tcommand = addBanana -> domainEvent = bananaAdded ----> information = banana\n\tcommand = addObject -> domainEvent = objectAdded ----> information = object\n\n\n\t2. Is the List containing the Objects created by \"command -> domainEvent\".\n\tDerive the name for the List from the Object.\n\tFor example:\n\tcommand = addBanana -> domainEvent = bananaAdded -> information = banana ----> information = bananaList\n\n\n[type ui]:\n    Is the overview of the objectList containing the Objects.\n    For example: productUI, objectUI, elementUI\n\n\nSo there are two types of \"information\" cards that are distinguished by their name (\"object\" and \"objectList\", or \"item\" and \"itemList\" etc.)\nAfter this explanation I want to give you an input sentence and want you to create according cards with the correct naming conventions mentioned.\n\nI want the resulting string, your answer, in the following order and json like format, this is an example:\n\n\n{\n  \"cards\": [\n    {\n      \"name\": \"product\",\n      \"type\": \"information\"\n    },\n    {\n      \"name\": \"productList\",\n      \"type\": \"information\"\n    },\n    {\n      \"name\": \"productUI\",\n      \"type\": \"ui\"\n    },\n    {\n      \"name\": \"addProduct\",\n      \"type\": \"command\"\n    },\n    {\n      \"name\": \"productAdded\",\n      \"type\": \"domainEvent\"\n    }\n  ]\n}\n\n\nWith the names of the cards replaced by you with the fitting names regarding the input given, always use singular word-form like object, element when replacing etc.\nWhen giving your answer always stick to the json like format and the order of the cards as given in the example.\nFor incomplete sentences just try to fill the missing parts with your own creativity, like: \"I want to add shoes\".\nSentences can be like: \"I want to edit shoes\", or \"I want to delete shoes\", etc. Make sure to discern information Object and information List correctly.\nCreate the json like output as described in the example, nothing else, no comma at the end. Remember to use camelCase (for example: addElement, elementList) for names.\n\nReady?"
    },
    {
      "command": "/multiCreate",
      "introduction": "I am at the start of an Event-Storming Session of a Domain Driven Design and work on a whiteboard and\nwant to give you a short input sentence you have to check.\n\nSentences can be like: \"online shop\", \"email service\", \"library app\" etc. and other half-sentences alike or similar to this one.\nInput sentences should in few words describe a system, service, or other relatable design.\n\nMake sure the delivered input makes sense and answer in JSON array format.\n\nFor correct sentences answer with:\n[\n\"correct\"\n]\n\n\nIf you get a nonsensical input like \"asd325dfs\" or any other inputs you deem incorrect because they lack meaning etc. write this:\n[\n\"error\"\n]\n\nSo, if the input is sensible and there is at most 1 sentence delivered, it is correct.\nEverything that does no describe any purposeful system, design, app,  etc., or is more than a sentence or just garbled input is an error.\nAnswer with the correct JSON regarding the input given.\n\n\nThis is the input sentence that needs to be checked, stick to the JSON like format: <<response>>",
      "entityCreation": "We are at the start of an Event Storming Session of a Domain Driven Design talking about a certain topic.\nI want you to suggest entities that are part of or necessary for later mentioned topic in the following json like format and\nas usual use short names in past tense.\nThis is an example input: \"library app\", your output should look like this:\n[\n{\n\"name\": \"customer\"\n},\n{\n\"name\": \"book\"\n},\n{\n\"name\": \"librarian\"\n},\n{\n\"name\": \"account\"\n}\n]\n\n\nTake in the input and think about what an app or system asked for needs in terms of a Domain Driven Design\nand deliver them in the asked format. You can add more than 4 suggestions like this.\nBut at the end no comma, just replace the example \"name: 'your input'\" with your suggestions.\n\nThis is the topic I need suggestions for: \n <<response>>",
      "systemDescription": "I am going to deliver an input like this:\n\"entity: company\", \"entity: employee\" or \"entity: anything\", etc.\n\nI want you to read the input and create three sentences:\nsentence: \"I want to add X to a list\"\nsentence: \"I want to delete X from a list\"\nsentence: \"I want to edit X in a list\"\n\nReplace all X with the \"entity\" given by the input, like \"company\", \"employee\" or \"<anything>\"... etc.\n\nThe only output i need are all 3 sentences written out in json like format like this without anything else:\n[\n{\n\"sentence\": \"I want to add X to a list\"\n},\n{\n\"sentence\": \"I want to delete X from a list\"\n},\n{\n\"sentence\": \"I want to edit X in a list\"\n}\n]\n\nThis is the input:\n entity: \n <<cards>>",
      "JSONConversion": "I am at the start of an Event-Storming Session of a Domain Driven Design and work on a whiteboard.\nThe following card types are the main actors and have different attributes that are mentioned below:\n\n[type domainEvent]:\n\tIs the according action taken 'past tense'.\n\tFor example (in camelCase): productAdded, objectAdded, infoAdded, anythingAdded,\n\tor:  productEdited, objectEdited, infoEdited, anythingEdited,\n\tor:  productDeleted, objectDeleted, infoDeleted, anythingDeleted, etc.\n\n\n[type command]:\n\tIs the according action in 'present tense'.\n\tFor example (in camelCase): addProduct, addObject, addInfo, addAnything,\n    or:  editProduct, EditObject, editInfo, EditAnything,\n    or:  deleteProduct, deleteObject, deleteInfo, deleteAnything, etc.\n\n\n[type information]:\n\tInformation can have 2 kinds:\n\n\t1. Is the Object created by \"command -> domainEvent\" and can be added to a List.\n\tFor example:\n\tcommand = addBanana -> domainEvent = bananaAdded ----> information = banana\n\tcommand = addObject -> domainEvent = objectAdded ----> information = object\n\n\n\t2. Is the List containing the Objects created by \"command -> domainEvent\".\n\tDerive the name for the List from the Object.\n\tFor example:\n\tcommand = addBanana -> domainEvent = bananaAdded -> information = banana ----> information = bananaList\n\n\n[type ui]:\n    Is the overview of the objectList containing the Objects.\n    For example: productUI, objectUI, elementUI\n\n\nSo there are two types of \"information\" cards that are distinguished by their name (\"object\" and \"objectList\", or \"item\" and \"itemList\" etc.)\nAfter this explanation I want to give you an input sentence and want you to create according cards with the correct naming conventions mentioned.\n\nI want the resulting string, your answer, in the following order and json like format, this is an example:\n\n\n{\n  \"cards\": [\n    {\n      \"name\": \"product\",\n      \"type\": \"information\"\n    },\n    {\n      \"name\": \"productList\",\n      \"type\": \"information\"\n    },\n    {\n      \"name\": \"productUI\",\n      \"type\": \"ui\"\n    },\n    {\n      \"name\": \"addProduct\",\n      \"type\": \"command\"\n    },\n    {\n      \"name\": \"productAdded\",\n      \"type\": \"domainEvent\"\n    }\n  ]\n}\n\n\nWith the names of the cards replaced by you with the fitting names regarding the input given, always use singular word-form like object, element when replacing etc.\nWhen giving your answer always stick to the json like format and the order of the cards as given in the example.\nFor incomplete sentences just try to fill the missing parts with your own creativity, like: \"I want to add shoes\".\nSentences can be like: \"I want to edit shoes\", or \"I want to delete shoes\", etc. Make sure to discern information Object and information List correctly.\nCreate the json like output as described in the example, nothing else, no comma at the end. Remember to use camelCase (for example: addElement, elementList) for names.\n\nReady?"
    },
    {
      "command": "/metaData",
      "introduction": "",
      "JSONConversion": "I am going to give you an input like this: \"title: apple , card: shoe , type: document\".\n\nFor the \"type\" select the correct template from below.\nIn these templates replace all instances of: \"XXX\" and: \"XXXId\" with \"title\" and \"titleId\" respectively. With 'title' being what is delivered by the input.\nDo not use \"card\" for replacing, use the \"title\" given. Also stick to the exact same upper and lower case spelling: \"XXXId\" -> \"titleId\".\nOnly replace values containing \"XXX\" (\"XXX\" and \"XXXId\"), do not replace other values like for \"name\" in the templates.\n\nTypes are: [command] , [document] , [event] , [ui]\nType \"document\" has 2 Versions, one being the List, the other the object belonging to the list. Like: \"card: email\" and \"name: emailList\".\nTo decide which template to use for type information check the \"card\" given.\n\nThe templates for the different types to distinguish are as follows after the \"=\", everything within \"[]\" is how to distinguish:\n\n\n\n <<metaData>> \n\n\n\nI only need the json-like output, do not write other statements.\nThe \"title\" delivered is needed for replacing \"XXX\" and \"XXXId\" values (with \"title\" and \"titleId\" accordingly), do not use the \"card\" value for replacing.\nMake sure to write both values \"XXXId\" and \"name\" for \"schema\" like in the example for the information objectList card, but only replace \"XXXId\" with the \"title\":\n\nReady for the input? <<cards>>"
    }
  ]
}