{
  "$schema": "./node_modules/nx/schemas/nx-schema.json",
  "npmScope": "cody-engine",
  "tasksRunnerOptions": {
    "default": {
      "runner": "nx/tasks-runners/default",
      "options": {
        "cacheableOperations": ["build", "lint", "test", "e2e"]
      }
    }
  },
  "pluginsConfig": {
    "@nx/js": {
      "analyzeSourceFiles": false
    }
  },
  "targetDefaults": {
    "build": {
      "dependsOn": ["^build"],
      "inputs": ["production", "^production"]
    },
    "e2e": {
      "inputs": ["default", "^production"]
    },
    "lint": {
      "inputs": [
        "default",
        "{workspaceRoot}/.eslintrc.json",
        "{workspaceRoot}/.eslintignore"
      ]
    },
    "test": {
      "inputs": ["default", "^production", "{workspaceRoot}/jest.preset.js"]
    }
  },
  "namedInputs": {
    "default": ["{projectRoot}/**/*", "sharedGlobals"],
    "production": [
      "default",
      "!{projectRoot}/.eslintrc.json",
      "!{projectRoot}/**/?(*.)+(spec|test).[jt]s?(x)?(.snap)",
      "!{projectRoot}/tsconfig.spec.json",
      "!{projectRoot}/jest.config.[jt]s"
    ],
    "sharedGlobals": ["{workspaceRoot}/babel.config.json"]
  },
  "workspaceLayout": {
    "appsDir": "packages",
    "libsDir": "packages"
  },
  "generators": {
    "@nx/react": {
      "application": {
        "style": "none",
        "linter": "eslint",
        "bundler": "webpack",
        "babel": true
      },
      "component": {
        "style": "none"
      },
      "library": {
        "style": "none",
        "linter": "eslint"
      }
    }
  }
}
